[
    {
        "model": "api.recipe",
        "pk": 1,
        "fields": {
            "author": 1,
            "name": "Джемовое облако",
            "image": "",
            "text": "Яблоко",
            "pub_date": "2025-08-14T09:57:36.540845",
            "cooking_time": 40,
            "tags": [
                4
            ]
        }
    },
    {
        "model": "api.recipe",
        "pk": 2,
        "fields": {
            "author": 1,
            "name": "Айвовый лимонад",
            "image": "",
            "text": "Освежающий напиток из айвового пюре, лимонного сока и газированной воды, с добавлением сиропа агавы.",
            "pub_date": "2025-08-14T09:57:36.540853",
            "cooking_time": 10,
            "tags": [
                4
            ]
        }
    },
    {
        "model": "api.recipe",
        "pk": 3,
        "fields": {
            "author": 1,
            "name": "Салат «Солнечный остров»",
            "image": "media/recipe/image/Солнечный остров.webp",
            "text": "Консервированные ананасы, авокадо и свежий базилик с заправкой из оливкового масла и лимонного сока.",
            "pub_date": "2025-08-14T09:57:36.540856",
            "cooking_time": 15,
            "tags": [
                1,
                2
            ]
        }
    },
    {
        "model": "api.recipe",
        "pk": 4,
        "fields": {
            "author": 1,
            "name": "Гранатовый гляссе",
            "image": "",
            "text": "Кофейный напиток с гранатовым сиропом и кубиками льда, украшенный зернами граната.",
            "pub_date": "2025-08-14T09:57:36.540858",
            "cooking_time": 5,
            "tags": [
                4
            ]
        }
    },
    {
        "model": "api.recipe",
        "pk": 5,
        "fields": {
            "author": 1,
            "name": "Закуска «Острый баклажан»",
            "image": "",
            "text": "Запечённые баклажаны, заправленные зелёной аджикой и чесноком.",
            "pub_date": "2025-08-14T09:57:36.540860",
            "cooking_time": 30,
            "tags": [
                2,
                3
            ]
        }
    },
    {
        "model": "api.recipe",
        "pk": 6,
        "fields": {
            "author": 1,
            "name": "Тарталетки с брынзой и вялеными томатами",
            "image": "",
            "text": "Мини-корзиночки из песочного теста с начинкой из брынзы и вяленых томатов, посыпанные свежим базиликом.",
            "pub_date": "2025-08-14T09:57:36.540863",
            "cooking_time": 25,
            "tags": [
                2,
                3
            ]
        }
    },
    {
        "model": "api.recipe",
        "pk": 7,
        "fields": {
            "author": 1,
            "name": "Шоколадно-апельсиновый мусс",
            "image": "",
            "text": "Нежный шоколадный мусс с апельсиновой цедрой и каплей апельсинового ликёра.",
            "pub_date": "2025-08-14T09:57:36.540865",
            "cooking_time": 20,
            "tags": [
                4
            ]
        }
    },
    {
        "model": "api.recipe",
        "pk": 8,
        "fields": {
            "author": 1,
            "name": "Коктейль «Летний вечер»",
            "image": "",
            "text": "Смесь апельсинового сока, маракуйи и немного белого рома, подаётся со льдом.",
            "pub_date": "2025-08-14T09:57:36.540869",
            "cooking_time": 5,
            "tags": [
                1,
                4
            ]
        }
    },
    {
        "model": "api.recipe",
        "pk": 9,
        "fields": {
            "author": 1,
            "name": "Маринованные артишоки с лимоном",
            "image": "",
            "text": "Артишоки, маринованные в оливковом масле с лимонным соком, чесноком и орегано.",
            "pub_date": "2025-08-14T09:57:36.540872",
            "cooking_time": 15,
            "tags": [
                2,
                3
            ]
        }
    },
    {
        "model": "api.recipe",
        "pk": 10,
        "fields": {
            "author": 1,
            "name": "Паста с соусом из вяленых томатов и базилика",
            "image": "",
            "text": "Спагетти с кремовым соусом из вяленых томатов, базилика и пармезана.",
            "pub_date": "2025-08-14T09:57:36.540874",
            "cooking_time": 25,
            "tags": [
               2,
               3
            ]
        }
    },
    {
        "model": "api.recipe",
        "pk": 11,
        "fields": {
            "author": 1,
            "name": "Ягодный смузи с мятой",
            "image": "",
            "text": "Голубика, клубника и малина, взбитые с йогуртом и свежей мятой.",
            "pub_date": "2025-08-14T09:57:36.540877",
            "cooking_time": 7,
            "tags": [
                1,
                2
            ]
        }
    },
    {
        "model": "api.recipe",
        "pk": 12,
        "fields": {
            "author": 1,
            "name": "Абрикосовое парфе",
            "image": "",
            "text": "Слои йогурта, абрикосового варенья и хрустящей гранолы.",
            "pub_date": "2025-08-14T09:57:36.540880",
            "cooking_time": 10,
            "tags": [
                1,
                2
            ]
        }
    },
    {
        "model": "api.recipe",
        "pk": 13,
        "fields": {
            "author": 1,
            "name": "Курица в апельсиновом соусе",
            "image": "",
            "text": "Куриное филе, тушённое в апельсиновом соке с имбирём и мёдом.",
            "pub_date": "2025-08-14T09:57:36.540882",
            "cooking_time": 40,
            "tags": [
                1,
                2
            ]
        }
    },
    {
        "model": "api.recipe",
        "pk": 14,
        "fields": {
            "author": 1,
            "name": "Салат с авокадо и гранатами",
            "image": "",
            "text": "Листья салата, авокадо, гранатовые зёрна и кедровые орешки под медово-горчичной заправкой.",
            "pub_date": "2025-08-14T09:57:36.540884",
            "cooking_time": 12,
            "tags": [
                2,
                3
            ]
        }
    },
    {
        "model": "api.recipe",
        "pk": 15,
        "fields": {
            "author": 1,
            "name": "Десерт «Морская свежесть»",
            "image": "",
            "text": "Желе из апельсинового сока с кусочками ананаса и маракуйи.",
            "pub_date": "2025-08-14T09:57:36.540887",
            "cooking_time": 20,
            "tags": [
                4
            ]
        }
    },
    {
        "model": "api.recipe",
        "pk": 16,
        "fields": {
            "author": 1,
            "name": "Сырный дип с вялеными томатами",
            "image": "",
            "text": "Плавленый сыр, измельчённые вяленые томаты и зелень, подаётся с хлебными палочками.",
            "pub_date": "2025-08-14T09:57:36.540889",
            "cooking_time": 8,
            "tags": [
                2,
                3
            ]
        }
    },
    {
        "model": "api.recipe",
        "pk": 17,
        "fields": {
            "author": 1,
            "name": "Фруктовое ассорти в медово-лаймовой заправке",
            "image": "",
            "text": "Микс из ананаса, клубники, апельсина и киви с мёдом и лаймом.",
            "pub_date": "2025-08-14T09:57:36.540891",
            "cooking_time": 10,
            "tags": [
                1,
                4
            ]
        }
    },
    {
        "model": "api.recipe",
        "pk": 18,
        "fields": {
            "author": 1,
            "name": "Абрикосовые маффины",
            "image": "",
            "text": "Мягкие маффины с кусочками абрикоса и лёгким ароматом ванили.",
            "pub_date": "2025-08-14T09:57:36.540893",
            "cooking_time": 35,
            "tags": [
                4
            ]
        }
    },
    {
        "model": "api.recipe",
        "pk": 19,
        "fields": {
            "author": 1,
            "name": "Баклажаны в соевом соусе с кунжутом",
            "image": "",
            "text": "Обжаренные баклажаны в сладко-соленом соусе, посыпанные кунжутом.",
            "pub_date": "2025-08-14T09:57:36.540896",
            "cooking_time": 20,
            "tags": [
                2,
                3
            ]
        }
    },
    {
        "model": "api.recipe",
        "pk": 20,
        "fields": {
            "author": 1,
            "name": "Мороженое с апельсиновым джемом",
            "image": "",
            "text": "Домашнее мороженое с кусочками апельсинового джема.",
            "pub_date": "2025-08-14T09:57:36.540898",
            "cooking_time": 5,
            "tags": [
                1,
                4
            ]
        }
    }
]