[
  {
    "model": "api.tag",
    "pk": 1,
    "fields": {
      "name": "Завтрак",
      "slug": "breakfast"
    }
  },
  {
    "model": "api.tag",
    "pk": 2,
    "fields": {
      "name": "Обед",
      "slug": "lunch"
    }
  },
  {
    "model": "api.tag",
    "pk": 3,
    "fields": {
      "name": "Ужин",
      "slug": "dinner"
    }
  },
   {
    "model": "api.tag",
    "pk": 4,
    "fields": {
      "name": "Десерт",
      "slug": "dessert"
    }
  }
]
